{
"version": "2.0",
"lang" : "fa",
"name" : "اپلیکیشن ظهور",
"scope" : "https://no-av.ir/",
"display" : "fullscreen",
"start_url" : "/",
"short_name" : "بررسی و شناخت ابعاد مختلف منجی عالم",
"description" : "امیررضا اسگندرزاده",
"orientation" : "portrait",
"background_color": "#000000",
"theme_color": "#000000",
"generated" : "true",
  "icons": [
	{
	  "src": "app/icons/icon-72x72.png",
	  "sizes": "72x72",
	  "type": "image/png",
	  "purpose": "any maskable"
	},
	{
	  "src": "app/icons/icon-72x72.png",
	  "sizes": "96x96",
	  "type": "image/png",
	  "purpose": "any maskable"
	},
	{
	  "src": "app/icons/icon-72x72.png",
	  "sizes": "128x128",
	  "type": "image/png",
	  "purpose": "any maskable"
	},
	{
	  "src": "app/icons/icon-72x72.png",
	  "sizes": "144x144",
	  "type": "image/png",
	  "purpose": "any maskable"
	},
	{
	  "src": "app/icons/icon-72x72.png",
	  "sizes": "152x152",
	  "type": "image/png",
	  "purpose": "any maskable"
	},
	{
	  "src": "app/icons/icon-72x72.png",
	  "sizes": "192x192",
	  "type": "image/png",
	  "purpose": "any maskable"
	},
	{
	  "src": "app/icons/icon-72x72.png",
	  "sizes": "384x384",
	  "type": "image/png",
	  "purpose": "any maskable"
	},
	{
	  "src": "app/icons/icon-72x72.png",
	  "sizes": "512x512",
	  "type": "image/png",
	  "purpose": "any maskable"
	}
  ]
}
